{
    "description": "Dungeon 1 (h=euclidean distance to exit)",
    "function": "test_tools.run_informed_search_for_dungeon",
    "comparator": "test_tools.compare_search_results_for_dungeon",
    "input_args": [
        "'search.AStarSearch'",
        "DungeonProblem.from_file('dungeons/dungeon1.txt')",
        "load_function('dungeon_heuristic.weak_heuristic')"
    ],
    "comparison_args": [
        "[('UUUUUUDDDDDRRRRRRRRUUUUUDDDDDLLLUULLUURU', 680), ('UUUUUUDDDDDRRRRRRRRUUUUUDDDDDLLLUULLUUUR', 680)]",
        "'dungeons/dungeon1.txt'"
    ]
}