{
    "description": "Dungeon 1 (h=0)",
    "function": "test_tools.run_informed_search_for_dungeon",
    "comparator": "test_tools.compare_search_results_for_dungeon",
    "input_args": [
        "'search.AStarSearch'",
        "DungeonProblem.from_file('dungeons/dungeon1.txt')",
        "lambda *_: 0"
    ],
    "comparison_args": [
        "[('UUUUUUDDDDDRRRRRRRRUUUUUDDDDDLLLUULLUURU', 749), ('UUUUUUDDDDDRRRRRRRRUUUUUDDDDDLLLUULLUUUR', 753)]",
        "'dungeons/dungeon1.txt'"
    ]
}