{
    "description": "Dungeon 1 (h=euclidean distance to exit)",
    "function": "test_tools.run_informed_search_for_dungeon",
    "comparator": "test_tools.compare_search_results_for_dungeon",
    "input_args": [
        "'search.BestFirstSearch'",
        "DungeonProblem.from_file('dungeons/dungeon1.txt')",
        "load_function('dungeon_heuristic.weak_heuristic')"
    ],
    "comparison_args": [
        "[('UUUUUUDDDDDRRRRRRRRUUUUUDDDDDLLLUULLUURU', 621), ('UUUUUUDDDDDRRRRRRRRUUUUUDDDDDLLLUULLUUUR', 621), ('UUUUUUDDDDDRRRRRRRRUUUUUDDDDDLLLUULLUURU', 600), ('UUUUUUDDDDDRRRRRRRRUUUUUDDDDDLLLUULLUUUR', 600)]",
        "'dungeons/dungeon1.txt'"
    ]
}