{
    "description": "Dungeon 1",
    "function": "test_tools.run_uninformed_search_for_dungeon",
    "comparator": "test_tools.compare_search_results_for_dungeon",
    "input_args": [
        "'search.DepthFirstSearch'",
        "DungeonProblem.from_file('dungeons/dungeon1.txt')"
    ],
    "comparison_args": [
        "[('RRRRRRRRUUUUUUDDDDDLLLUULLUDRRDDRRRDLLLLULLLLUUUUUDDDDDRRRRRUULLUURRRULL', 108), ('UUDDRURDRURDRUUDDLLLLLUUUUDDDDRURDRURDRUUULLUDRRDDDLLLLLUUUUUUDDDDDDRURDRURDRURDRURUUUUUDDDDDDLLLLLLLLURRRRRUULLUULURR', 145), ('UUDDRRURRDRRURRUUUUUDDDDDDLLLLLLLLUUUUDDDDRRURRRUDDLLLLLUUUUUUDDDDDDRRURRRUULLUUUR', 147), ('RRRRRRRRUUUUUUDDDDDLLLUULLUDRRDDLLLLLUUUUUDDDDDRRRRRUULLUURU', 100)]",
        "'dungeons/dungeon1.txt'"
    ]
}